Workbook

Sheet CH Mensal
A1: CH MENSAL | E1: Instruções de Preenchimento:
A2: Matrícula | B2: Nome | C2: Nível Tecnológico | E2: Preencher com a carga horária Mensal total do professor (Hora Aula + Extraclasse) durante o semestre!
C3: CH Mensal TOTAL (H.A + Extraclasse) | E3: Pedimos máxima atenção quanto ao preenchimento da matrícula, pois o transtorno será muito grande se estiver errada.

Sheet Rateios
A1: RATEIOS | E1: Instruções de preenchimento:
A2: Matrícula | B2: Nível SUPERIOR | E2: Código orçamentário (SEI):
B3: Código Orçamentário | C3: CH Semanal | E3: O código deve ser o do SEI e não do MXM, que tem 3 dígitos a mais entre o código da unidade e do centro de custo.
E4: Preencher apenas os últimos dígitos sem ponto.
E5: Ex.: Gestão - Graduação MXM: 090001005
E6: Gestão - Graduação SEI: 07.06.2015.09.1005 - Preencher 091005

Sheet (Uso DRH) CH S
A1: 7872 | B1: ='CH Mensal'!A4 -> 0 | C1: ='CH Mensal'!C4 -> 0
A2: 7872 | B2: ='CH Mensal'!A5 -> 0 | C2: ='CH Mensal'!C5 -> 0
A3: 7872 | B3: ='CH Mensal'!A6 -> 0 | C3: ='CH Mensal'!C6 -> 0
A4: 7872 | B4: ='CH Mensal'!A7 -> 0 | C4: ='CH Mensal'!C7 -> 0
A5: 7872 | B5: ='CH Mensal'!A8 -> 0 | C5: ='CH Mensal'!C8 -> 0
A6: 7872 | B6: ='CH Mensal'!A9 -> 0 | C6: ='CH Mensal'!C9 -> 0
A7: 7872 | B7: ='CH Mensal'!A10 -> 0 | C7: ='CH Mensal'!C10 -> 0
A8: 7872 | B8: ='CH Mensal'!A11 -> 0 | C8: ='CH Mensal'!C11 -> 0
A9: 7872 | B9: ='CH Mensal'!A12 -> 0 | C9: ='CH Mensal'!C12 -> 0
A10: 7872 | B10: ='CH Mensal'!A13 -> 0 | C10: ='CH Mensal'!C13 -> 0
A11: 7872 | B11: ='CH Mensal'!A14 -> 0 | C11: ='CH Mensal'!C14 -> 0
A12: 7872 | B12: ='CH Mensal'!A15 -> 0 | C12: ='CH Mensal'!C15 -> 0
... A297: 7872 | B297: ='CH Mensal'!A300 -> 0 | C297: ='CH Mensal'!C300 -> 0
